Keyword,Intent,Volume,Trend,"Keyword Difficulty","CPC (USD)","Number of Results"
"does hubspot crm scale with business growth",,110,"1.00,1.00",0,0,0
"hubspot crm scalability with business growth",,110,"0.00,1.00",0,0,0
"vonazon hubspot revops growth strategy",,90,1.00,0,0,0
"growth driven design hubspot","Informational, Transactional",70,"0.23,0.19,0.19,0.42,0.42,0.52,0.42,0.33,0.33,0.14,0.19,0.23",8,0,105
"hubspot growth suite",Informational,70,"0.05,0.06,0.05,0.06,0.08,0.03,0.03,0.03,0.04,0.10,0.08,0.03",37,0,4030000
"growth suite onboarding hubspot",Informational,40,"0.33,0.77,0.33,0.77,1.00,0.44,0.11,0.00,0.77,0.77,0.55,0.77",5,0,136
"hubspot growth suite onboarding",Informational,40,"0.27,0.63,0.45,0.63,1.00,0.36,0.18,0.00,0.45,0.45,0.45,0.45",21,0,393000
"growth hub hubspot",,30,"0.40,0.80,0.40,0.80,1.00,0.40,0.00,0.40,0.40,0.80,0.60,0.40",0,0,0
"hubspot crm scalability or scale with business growth",,30,"0.25,1.00",0,0,0
"hubspot growth",,30,"0.17,0.11,0.17,0.11,0.11,0.64,0.17,0.11,0.17,0.17,0.11,0.17",0,23.89,0
"hubspot growth strategy",,30,"0.14,0.14,0.14,0.28,0.21,0.14,0.14,0.14,0.14,0.21,0.21,0.28",0,0,0
"hubspot sales hub pipeline revenue growth success stories",,30,"0.28,1.00,0.57,0.42,0.14,0.42,0.14,0.00",0,0,0
"growth bot hubspot",,20,"0.00,0.18,0.18,0.18,0.18,0.18,0.00,0.18,0.18,0.18,0.18,0.18",0,0,0
"growth gabby hubspot",,20,"1.00,1.00,1.00,1.00,1.00,1.00,1.00,1.00,1.00,1.00,1.00,1.00",0,0,0
"growth grader hubspot",,20,"0.66,0.66,0.66,0.66,0.66,0.66,0.66,0.66,0.66,0.66,0.66,0.66",0,0,0
"growth marketing hubspot",,20,"0.27,0.18,0.18,0.36,0.27,0.18,0.18,0.18,0.18,0.18,0.18,0.18",0,0,0
"growth specialist hubspot",,20,"0.66,0.66,0.66,0.66,0.66,0.66,0.66,0.66,0.66,0.66,0.66,0.66",0,0,0
"growth specialist hubspot salary",,20,"0.11,0.11,0.11,0.11,0.11,0.11,0.11,0.11,0.11,0.11,0.11,0.11",0,0,0
"growth stack hubspot",,20,"0.09,0.09,0.09,0.09,0.09,0.09,0.09,0.09,0.09,0.09,0.09,0.09",0,0,0
"growth suite hubspot",,20,"0.22,0.33,0.22,0.22,0.22,0.00,0.22,0.22,0.00,0.22,0.22,0.00",0,0,0
"how does fileroom use hubspot for b2b growth",,20,"0.00,0.00,0.00,0.75,1.00,0.75,0.75,0.75,0.75,0.75",0,0,0
"how to use hubspot for membership growth",,20,"0.00,0.33,1.00,1.00,1.00,0.66,0.66,0.66",0,0,0
"hubspot crm revenue growth and pipeline predictability",,20,"0.66,1.00,1.00,0.66,0.00",0,0,0
"hubspot digital growth",,20,"0.50,0.50,0.25,0.75,0.75,0.50,0.00,0.00,0.50,1.00,0.75,1.00",0,0,0
"hubspot growth agency",,20,"0.40,0.40,0.40,1.00,0.40,0.40,0.20,0.20,0.40,0.40,0.20,0.40",0,0,0
"hubspot growth consultancy definition",,20,"1.00,0.00,0.00",0,0,0
"hubspot growth driven design",,20,"0.50,0.25,0.25,0.50,0.75,1.00,0.50,0.75,1.00,0.25,0.25,0.75",0,0,0
"hubspot growth driven design certification",,20,"0.66,0.66,0.66,0.66,0.66,0.66,0.66,0.66,0.66,0.66,0.66,0.66",0,0,0
"hubspot growth driven design certification answers",,20,"0.11,0.11,0.11,0.11,0.11,0.11,0.11,0.11,0.00,0.11,0.11,0.11",0,0,0
"hubspot growth grader",,20,"0.11,0.11,0.11,0.11,0.11,0.11,0.11,0.11,0.11,0.11,0.11,0.11",0,0,0
"hubspot growth marketing",,20,"0.66,0.66,0.66,1.00,1.00,0.66,0.66,0.66,0.66,0.66,0.66,0.66",0,0,0
"hubspot growth platform",,20,"0.11,0.22,0.22,0.22,0.00,0.22,0.00,0.22,0.22,0.22,0.22,0.22",0,0,0
"hubspot growth rate",,20,"1.00,1.00,1.00,1.00,1.00,1.00,1.00,1.00,1.00,1.00,1.00,1.00",0,0,0
"hubspot growth specialist",,20,"1.00,1.00,1.00,1.00,1.00,1.00,1.00,1.00,1.00,1.00,1.00,1.00",0,12.1,0
"hubspot growth specialist salary",,20,"1.00,1.00,1.00,1.00,1.00,1.00,1.00,1.00,1.00,1.00,1.00,1.00",0,0,0
"hubspot growth stack",,20,"0.07,0.07,0.11,0.11,0.07,0.07,0.07,0.07,0.07,0.07,0.07,0.07",0,0,0
"hubspot growth theme",,20,"1.00,1.00,1.00,1.00,1.00,1.00,1.00,1.00,1.00,1.00,1.00,1.00",0,0,0
"hubspot growth tools",,20,"0.75,0.50,0.50,1.00,1.00,0.50,0.25,0.00,0.50,0.25,0.00,0.25",0,0,0
"hubspot loop marketing vs growth marketing vs product-led growth b2b",,20,1.00,0,0,0
"hubspot marketing hub vs competitors for e-commerce growth",,20,"0.50,1.00,0.25,0.00",0,0,0
"hubspot product led growth",,20,"1.00,1.00,1.00,1.00,1.00,1.00,0.00,1.00,1.00,1.00,1.00,1.00",0,0,0
"hubspot revenue growth",,20,"0.50,0.50,0.50,0.50,0.50,0.50,0.50,0.75,0.50,0.50,0.50,0.50",0,0,0
"hubspot sales hub case studies revenue growth",,20,1.00,0,0,0
"inbound growth specialist hubspot",,20,"0.66,0.66,0.66,0.00,0.66,0.00,0.66,0.66,0.66,0.66,0.66,0.66",0,0,0
"la growth machine hubspot",,20,"1.00,1.00,0.00,1.00,1.00,0.00,1.00,1.00,1.00,1.00,1.00,1.00",0,0,0
"loop marketing hubspot vs product-led growth b2b",,20,1.00,0,0,0
"sector growth hubspot",,20,"0.22,0.22,0.22,0.22,0.22,0.22,0.22,0.22,0.22,0.22,0.22,0.22",0,0,0
"vonazon hubspot revops growth strategy experts",,20,1.00,0,0,0
"best boutique marketing agency for revops hubspot revenue growth",,10,"0.14,1.00,0.00,0.00,0.00,0.00",0,0,0
"best full-service marketing firms hubspot revops setup revenue growth",,10,"0.00,1.00,0.00,0.00,0.00,0.00",0,0,0
"does hubspot include ai-powered growth features",,10,1.00,0,0,0
"does hubspot sales hub pricing scale predictably with team growth",,10,"0.00,1.00",0,0,0
"does hubspot sales hub pricing scale with team growth",,10,"1.00,1.00",0,0,0
"does hubspot sales hub scale with team growth",,10,1.00,0,0,0
"growth driven design hubspot answers",,10,"0.11,0.00,0.00,0.11,0.11,0.11,0.00,0.00,0.00,0.11,0.11,0.11",0,0,0
"growth driven design website on hubspot cms",,10,"0.20,1.00,0.40,0.00,0.00,0.00,0.00,0.00,0.00,0.00,0.00,0.00",0,0,0
"growth hacking hubspot",,10,"0.66,0.66,0.33,0.00,0.66,0.00,0.00,0.00,0.00,0.66,0.00,0.00",0,0,0
"growth hubspot",,10,"1.00,0.50,0.00,0.00,0.00,1.00,0.00,0.00,0.00,1.00,1.00,0.00",0,8.85,0
"growth machine vs hubspot vs salesforce ease of use",,10,"0.50,1.00,0.75,0.00,0.00,0.00,0.00",0,0,0
"growth orbit hubspot migration",,10,"1.00,0.00",0,0,0
"honeybook vs hubspot for business growth",,10,"1.00,1.00,0.00,0.00",0,0,0
"hubspot crm revenue growth optimization",,10,"1.00,1.00,1.00,0.00",0,0,0
"hubspot crm scalability growth entreprise",,10,1.00,0,0,0
"hubspot customer platform ai-powered growth features",,10,"0.00,1.00",0,0,0
"hubspot growth consultancy definition services",,10,"1.00,0.00,0.00",0,0,0
"hubspot growth driven design exam answers",,10,"0.66,0.66,0.66,0.66,0.00,0.00,0.00,0.00,0.00,0.66,0.66,0.66",0,0,0
"hubspot growth framework",,10,"0.66,0.66,0.66,0.00,0.66,0.00,0.00,0.66,0.00,0.66,0.66,0.66",0,0,0
"hubspot growth hacking",,10,"0.11,0.07,0.07,0.00,0.00,0.00,0.07,0.00,0.00,0.07,0.00,0.07",0,0,0
"hubspot growth partner",,10,"0.00,0.33,0.33,1.00,1.00,0.33,0.00,0.00,0.00,0.00,0.00,0.33",0,0,0
"hubspot growth suite pricing",,10,"0.00,0.00,0.18,0.18,0.18,0.00,0.00,0.18,0.00,0.00,0.18,0.18",0,0,0
"hubspot growth suite starter",,10,"0.00,0.50,0.00,0.00,0.50,0.50,0.00,0.00,0.00,0.00,0.00,0.00",0,0,0
"hubspot growth systems",,10,"1.00,0.00,1.00",0,0,0
"hubspot loop marketing vs traditional funnel vs growth hacking",,10,"1.00,0.00",0,0,0
"hubspot marketing hub pricing scale contact list sales team growth",,10,"0.50,1.00,0.75,0.00,0.00,0.25,0.00",0,0,0
"hubspot partner growth accelerator",,10,"0.00,0.00,0.00,0.00,1.00,1.00,1.00,1.00,1.00,1.00,1.00,1.00",0,22.86,0
"hubspot platform business growth benefits",,10,"0.00,1.00,1.00,1.00,0.00",0,0,0
"hubspot portal growth configuration indicators",,10,"1.00,0.00,0.00",0,0,0
"hubspot sales hub case studies revenue growth pipeline",,10,1.00,0,0,0
"hubspot sales hub case studies revenue growth success stories",,10,1.00,0,0,0
"hubspot sales hub pricing scale team growth",,10,"1.00,1.00,0.00,0.00,0.00,0.00",0,0,0
"hubspot sales hub pricing tiers revenue growth",,10,"1.00,0.50,0.00,0.00,0.00,0.00",0,0,0
"hubspot sales hub success stories revenue growth case studies",,10,1.00,0,0,0
"hubspot starter growth suite",,10,"0.09,0.04,0.09,0.00,0.09,0.00,0.09,0.09,0.00,0.09,0.09,0.00",0,0,0
"hubspot vs salesforce data model for startups growth",,10,"1.00,0.00",0,0,0
"hubspot vs salesforce vs pipedrive omr reviews growth manager",,10,1.00,0,0,0
"is hubspot used for small business growth",,10,"0.50,1.00,0.75,0.00,0.00,0.00,0.00,0.00,0.00,0.00,0.00,0.00",0,0,0
"partner growth accelerator hubspot",,10,"0.00,0.00,0.00,0.00,0.00,1.00,1.00,1.00,1.00,1.00,1.00,1.00",0,0,0
"pipedrive vs hubspot sales team growth comparison",,10,"0.33,0.33,0.00,0.00,1.00,0.33,0.00,0.00,0.00,0.00",0,0,0
"saas companies canada hubspot hiring growth",,10,"1.00,0.00,0.00,0.00,0.00",0,0,0
"smash my trash hubspot sales hub case study revenue growth",,10,1.00,0,0,0
"the growth show hubspot first episode july 2017",,10,"1.00,0.00,0.00,0.00,0.00,0.00,0.00,0.00",0,0,0
"vonazon hubspot elite partner revops growth strategy",,10,1.00,0,0,0
"2018 full hubspot growth stack demo",,0,"0.00,0.00,0.00,0.00,0.00,0.00,0.00,0.00,0.00,0.00,0.00,0.00",0,0,0
"80startups-our partners in growth- hubspot crm",,0,"0.00,0.00,0.00,0.00,0.00,0.00,0.00,0.00,0.00,0.00,0.00,0.00",0,0,0
"accelerating growth hubspot",,0,"0.00,0.00,0.00,0.00,0.00,0.00,0.00,0.00,0.00,0.00,0.00,0.00",0,0,0
"best full service marketing firms hubspot revops setup revenue growth",,0,"0.00,0.00,0.00",0,0,0
"best fullservice marketing firms hubspot revops setup revenue growth",,0,"0.00,0.00,0.00",0,0,0
"blogging growth hubspot",,0,"0.00,0.00,0.00,0.00,0.00,0.00,0.00,0.00,0.00,0.00,0.00,0.00",0,0,0
"brian balfour hubspot growth framework",,0,"0.00,0.00,0.00,0.00,0.00,0.00,0.00,0.00,0.00,0.00,0.00,0.00",0,0,0
"brian hubspot growth",,0,"0.00,0.00,0.00,0.00,0.00,0.00,0.00,0.00,0.00,0.00,0.00,0.00",0,0,0
"brittany chin associate product manager growth at hubspot",,0,"0.00,0.00,0.00,0.00,0.00,0.00,0.00,0.00,0.00,0.00,0.00,0.00",0,0,0
"business growth planning for small businesses hubspot",,0,"0.00,0.00,0.00,0.00,0.00,0.00,0.00,0.00,0.00,0.00,0.00,0.00",0,0,0
"business growth planning hubspot",,0,"0.00,0.00,0.00,0.00,0.00,0.00,0.00,0.00,0.00,0.00,0.00,0.00",0,0,0
"conversational growth strategy definition hubspot",,0,"0.00,0.00,0.00,0.00,0.00,0.00,0.00,0.00,0.00,0.00,0.00,0.00",0,0,0
"conversational growth strategy hubspot",,0,"0.00,0.00,0.00,0.00,0.00,0.00,0.00,0.00,0.00,0.00,0.00,0.00",0,0,0
"conversational growth strategy steps hubspot",,0,"0.00,0.00,0.00,0.00,0.00,0.00,0.00,0.00,0.00,0.00,0.00,0.00",0,0,0
"converstational growth strategy hubspot",,0,"0.00,0.00,0.00,0.00,0.00,0.00,0.00,0.00,0.00,0.00,0.00,0.00",0,0,0
"customer growth specialist hubspot",,0,"0.00,0.00,0.00,0.00,0.00,0.00,0.00,0.00,0.00,0.00,0.00,0.00",0,0,0
"enterprise hubspot cms agencies for high growth b2b companies",,0,"0.00,0.00,0.00",0,0,0
"enterprise hubspot cms agencies for high-growth b2b companies",,0,"0.00,1.00,0.00,0.00,0.00,0.00,0.00",0,0,0
"gigantic digital growth hubspot partner",,0,"1.00,0.00,0.00,0.00,0.00,0.00,0.00",0,0,0
"growth agency hubspot",,0,"0.00,0.00,0.00,0.00,0.00,0.00,0.00,0.00,0.00,0.00,0.00,0.00",0,0,0
"growth at hubspot",,0,"0.00,0.00,0.00,0.00,0.00,0.00,0.00,0.00,0.00,0.00,0.00,0.00",0,0,0
"growth driven design hubspot alternatives",,0,"0.00,0.00,0.00,0.00,0.00,0.00,0.00,0.00,0.00,0.00,0.00,0.00",0,0,0
"growth driven design hubspot ebook",,0,"0.00,0.00,0.00,0.00,0.00,0.00,0.00,0.00,0.00,0.00,0.00,0.00",0,0,0
"growth driven design hubspot questions",,0,"0.00,0.00,0.00,0.00,0.00,0.00,0.00,0.00,0.00,0.00,0.00,0.00",0,0,0
"growth driven design hubspot worth it",,0,"0.00,0.00,0.00,0.00,0.00,0.00,0.00,0.00,0.00,0.00,0.00,0.00",0,0,0
"growth driven hubspot",,0,"0.00,0.33,0.00,1.00,0.00,0.00,0.00,0.00,0.00,0.00,0.00,0.00",0,0,0
"growth hacker mindset hubspot",,0,"0.00,0.00,0.00,0.00,0.00,0.00,0.00,0.00,0.00,0.00,0.00,0.00",0,0,0
"growth hacking hubspot growth cartel",,0,"0.00,0.00,0.00,0.00,0.00,0.00,0.00,0.00,0.00,0.00,0.00,0.00",0,0,0
"growth hubspot agency",,0,"0.00,0.00,0.00,0.00,0.00",0,0,0
"growth london hubspot diamond partner",,0,0.00,0,0,0
"growth marketing definition hubspot",,0,"1.00,1.00,0.00,0.00,0.00",0,0,0
"growth marketing growth marketing hubspot",,0,"0.00,0.00,0.00,0.00,0.00,0.00,0.00,0.00,0.00,0.00,0.00,0.00",0,0,0
"growth marketing manager hubspot salary",,0,"0.00,0.00,0.00,0.00,0.00,0.00,0.00,0.00,0.00,0.00,0.00,0.00",0,0,0
"growth mindset hubspot",,0,"0.00,0.00,0.00,0.00,0.00,0.00,0.00,0.00,0.00,0.00,0.00,0.00",0,0,0
"growth of hubspot cms",,0,"0.00,0.00,0.00,0.00,0.00,0.00,0.00,0.00,0.00,0.00,0.00,0.00",0,0,0
"growth operations firm hubspot",,0,0.00,0,0,0
"growth operations firm hubspot migration",,0,"1.00,0.00",0,0,0
"growth orbit hubspot migration 2025",,0,"0.00,1.00",0,0,0
"growth site hubspot.com",,0,"0.00,0.00,0.00,0.00,0.00,0.00,0.00,0.00,0.00,0.00,0.00,0.00",0,0,0
"growth strategy hubspot",,0,"0.00,0.00,0.00,0.00,0.00,0.00,0.00,0.00,0.00,0.00,0.00,0.00",0,0,0
"growth suite hubspot pricing",,0,"0.00,0.00,0.00,0.00,0.00,0.00,0.00,0.00,0.00,0.00,0.00,0.00",0,0,0
"growth with hubspot charlotte",,0,"0.00,0.00,0.00,0.00,0.00,0.00,0.00,0.00,0.00,0.00,0.00,0.00",0,0,0
"growth-driven design certification hubspot",,0,"0.00,0.00,0.00,0.00,0.00,0.00,0.00,0.00,0.00,0.00,0.00,0.00",0,0,0
"growth-driven design hubspot answers",,0,"0.00,0.00,0.00,0.00,0.00,0.00,0.00,0.00,0.00,0.00,0.00,0.00",0,0,0
"head of growth hubspot",,0,"0.00,0.00,0.00,0.00,0.00,0.00,0.00,0.00,0.00,0.00,0.00,0.00",0,0,0
"honeybook hubspot integration for business growth",,0,"1.00,1.00,0.00,0.00,0.00,0.00",0,0,0
"honeybook vs hubspot comparison for client management and business growth",,0,"0.00,1.00",0,0,0
"https blog.hubspot.com agency price-sell-growth-driven-design-retainers-video",,0,"0.00,0.00,0.00,0.00,0.00,0.00,0.00,0.00,0.00,0.00,0.00,0.00",0,0,0
"https blog.hubspot.com marketing best-growth-hacking-experiments",,0,"0.00,0.00,0.00,0.00,0.00,0.00,0.00,0.00,0.00,0.00,0.00,0.00",0,0,0
"https offers.hubspot.com watch growth-marketing-master-class",,0,"0.00,0.00,0.00,0.00,0.00,0.00,0.00,0.00,0.00,0.00,0.00,0.00",0,0,0
"hubspot academy growth driven design",,0,"1.00,0.00,0.00,0.00,0.00,0.50,0.00,0.00,0.00,0.00,0.00,0.00",0,0,0
"hubspot academy growth marketing course",,0,0.00,0,0,0
"hubspot academy set up your hubspot crm for growth course",,0,"1.00,0.00,0.00,0.00,0.00",0,0,0
"hubspot agency digital growth engagement kpis",,0,"1.00,0.00,0.00",0,0,0
"hubspot agency growth fund",,0,"0.00,0.00,0.00,0.00,0.00,0.00,0.00,0.00,0.00,0.00,0.00,0.00",0,0,0
"hubspot agency growth report",,0,"0.00,0.00,0.00,0.00,0.00,0.00,0.00,0.00,0.00,0.00,0.00,0.00",0,0,0
"hubspot business growth",,0,"1.00,1.00,1.00,0.00,0.00,0.00,0.00,0.00,0.00,0.00,0.00,0.00",0,0,0
"hubspot cagr revenue growth",,0,"0.00,0.00,0.00,0.00,0.00,0.00,0.00,0.00,0.00,0.00,0.00,0.00",0,0,0
"hubspot cms growth driven design",,0,"0.00,1.00,0.50,0.00,0.00,0.00,0.00,0.00,0.00,0.00,0.00,0.00",0,0,0
"hubspot com growth strategy and plan",,0,"0.00,0.00,0.00",0,0,0
"hubspot company growth",,0,"0.00,0.00,0.00,0.00,0.00,0.00,0.00,0.00,0.00,0.00,0.00,0.00",0,0,0
"hubspot conversational growth strategy",,0,"0.00,0.00,0.00,0.00,0.00,0.00,0.00,0.00,0.00,0.00,0.00,0.00",0,0,0
"hubspot cos growth driven design",,0,"0.00,0.00,0.00,0.00,0.00,0.00,0.00,0.00,0.00,0.00,0.00,0.00",0,0,0
"hubspot crm customer lifetime value tracking growth manager",,0,"0.00,1.00",0,0,0
"hubspot crm pricing flexible scales with team growth",,0,"0.00,0.00",0,0,0
"hubspot crm scalability growth enterprise",,0,0.00,0,0,0
"hubspot customer platform ai features growth automation",,0,0.00,0,0,0
"hubspot customer platform ai powered growth features",,0,0.00,0,0,0
"hubspot enterprise growth suite",,0,"0.00,0.00,0.00,0.00,0.00,0.00,0.00,0.00,0.00,0.00,0.00,0.00",0,0,0
"hubspot for digital marketing and business growth",,0,"0.00,0.00,0.00,0.00,0.00,0.00,0.00,0.00,0.00,0.00,0.00,0.00",0,0,0
"hubspot for growth",,0,"0.00,0.00,0.00,0.00,0.00,0.00,0.00,0.00,0.00,0.00,0.00,0.00",0,0,0
"hubspot free growth stack",,0,"0.00,0.00,0.00,0.00,0.00,0.00,0.00,0.00,0.00,0.00,0.00,0.00",0,0,0
"hubspot growth accelerator",,0,"0.00,0.00,0.00,0.00,0.00,0.00,0.00,0.00,0.00,0.00,0.00,0.00",0,0,0
"hubspot growth case study",,0,"0.00,0.00,0.00,0.00,0.00,0.00,0.00,0.00,0.00,0.00,0.00,0.00",0,0,0
"hubspot growth consultancy vs digital marketing agency",,0,"0.00,0.00,0.00",0,0,0
"hubspot growth driven design agency",,0,"0.33,0.33,0.00,0.00,0.66,0.00,0.00,0.00,0.00,0.00,0.00,0.00",0,0,0
"hubspot growth driven design agency certification",,0,"0.00,0.00,0.00,0.00,0.00,0.00,0.00,0.00,0.00,0.00,0.00,0.00",0,0,0
"hubspot growth driven design agency certification andwers",,0,"0.00,0.00,0.00,0.00,0.00,0.00,0.00,0.00,0.00,0.00,0.00,0.00",0,0,0
"hubspot growth driven design agency certification answers",,0,"0.00,0.00,0.00,0.00,0.00,0.00,0.00,0.00,0.00,0.00,0.00,0.00",0,0,0
"hubspot growth driven design answers",,0,"0.00,0.00,0.00,0.66,0.00,0.00,0.00,0.00,0.00,0.00,0.00,0.00",0,0,0
"hubspot growth driven design certification exam questions and answers",,0,"0.00,0.00,0.00,0.00,0.00,0.00,0.00,0.00,0.00,0.00,0.00,0.00",0,0,0
"hubspot growth driven design diagram",,0,"0.00,0.00,0.00,0.00,0.00,0.00,0.00,0.00,0.00,0.00,0.00,0.00",0,0,0
"hubspot growth driven design exceel template",,0,"0.00,0.00,0.00,0.00,0.00,0.00,0.00,0.00,0.00,0.00,0.00,0.00",0,0,0
"hubspot growth driven design makeyougrow",,0,"0.00,0.00,0.00,0.00,0.00,0.00,0.00,0.00,0.00,0.00,0.00,0.00",0,0,0
"hubspot growth driven design methodology",,0,"0.00,0.00,0.00,0.00,0.00,0.00,0.00,0.00,0.00,0.00,0.00,0.00",0,0,0
"hubspot growth driven design proposal",,0,"0.00,0.00,0.00,0.00,0.00,0.00,0.00,0.00,0.00,0.00,0.00,0.00",0,0,0
"hubspot growth driven design study guide answers",,0,"0.00,0.00,0.00,0.00,0.00,0.00,0.00,0.00,0.00,0.00,0.00,0.00",0,0,0
"hubspot growth driven design test",,0,"0.00,0.00,0.00,0.00,0.00,0.00,0.00,0.00,0.00,0.00,0.00,0.00",0,0,0
"hubspot growth driven website redesign",,0,"0.00,0.00,0.00,0.00,0.00,0.00,0.00,0.00,0.00,0.00,0.00,0.00",0,0,0
"hubspot growth framework 100m",,0,"0.00,0.00,0.00,0.00,0.00,0.00,0.00,0.00,0.00,0.00,0.00,0.00",0,0,0
"hubspot growth hacker",,0,"0.00,0.00,0.00,0.00,0.00,0.00,0.00,0.00,0.00,0.00,0.00,0.00",0,0,0
"hubspot growth lead 2025",,0,"0.00,0.00,0.00,0.00,0.00,0.00,0.00,0.00",0,0,0
"hubspot growth marketing certification",,0,0.00,0,0,0
"hubspot growth marketing course",,0,"0.00,0.00,0.00",0,0,0
"hubspot growth marketing manager",,0,"0.00,0.00,0.00,0.00,0.00,0.00,0.00,0.00,0.00,0.00,0.00,0.00",0,0,0
"hubspot growth marketing services effectiveness",,0,"0.50,1.00,0.00,0.00,0.00,0.00,0.00",0,0,0
"hubspot growth plan",,0,"0.00,0.00,0.00,0.00,0.00,0.00,0.00,0.00,0.00,0.00,0.00,0.00",0,0,0
"hubspot growth potential",,0,"0.00,0.00,0.00,0.00,0.00,0.00,0.00,0.00,0.00,0.00,0.00,0.00",0,0,0
"hubspot growth rank",,0,"0.00,0.00,0.00,0.00,0.00,0.00,0.00,0.00,0.00,0.00,0.00,0.00",0,0,0
"hubspot growth show first episode july 2017",,0,"1.00,0.00,0.00,0.00,0.00,0.00,0.00,0.00",0,0,0
"hubspot growth solutions",,0,"0.00,0.00,0.00,0.00,0.00,0.00,0.00,0.00,0.00,0.00,0.00,0.00",0,0,0
"hubspot growth stach",,0,"0.00,0.00,0.00,0.00,0.00,0.00,0.00,0.00,0.00,0.00,0.00,0.00",0,0,0
"hubspot growth stack bundle",,0,"0.00,0.00,0.00,0.00,0.00,0.00,0.00,0.00,0.00,0.00,0.00,0.00",0,0,0
"hubspot growth stack case study",,0,"0.00,0.00,0.00,0.00,0.00,0.00,0.00,0.00,0.00,0.00,0.00,0.00",0,0,0
"hubspot growth stack comparison",,0,"0.00,0.00,0.00,0.00,0.00,0.00,0.00,0.00,0.00,0.00,0.00,0.00",0,0,0
"hubspot growth stack demo",,0,"0.00,0.00,0.00,0.00,0.00,0.00,0.00,0.00,0.00,0.00,0.00,0.00",0,0,0
"hubspot growth stack demo video",,0,"0.00,0.00,0.00,0.00,0.00,0.00,0.00,0.00,0.00,0.00,0.00,0.00",0,0,0
"hubspot growth stack onboarding",,0,"0.00,0.00,0.00,0.00,0.00,0.00,0.00,0.00,0.00,0.00,0.00,0.00",0,0,0
"hubspot growth stack pricing",,0,"0.00,0.00,0.00,0.00,0.00,0.00,0.00,0.00,0.00,0.00,0.00,0.00",0,0,0
"hubspot growth stack tools",,0,"0.00,0.00,0.00,0.00,0.00,0.00,0.00,0.00,0.00,0.00,0.00,0.00",0,0,0
"hubspot growth stack video",,0,"0.00,0.00,0.00,0.00,0.00,0.00,0.00,0.00,0.00,0.00,0.00,0.00",0,0,0
"hubspot growth stack vs many platforms",,0,"0.00,0.00,0.00,0.00,0.00,0.00,0.00,0.00,0.00,0.00,0.00,0.00",0,0,0
"hubspot growth stack vs wordpress",,0,"0.00,0.00,0.00,0.00,0.00,0.00,0.00,0.00,0.00,0.00,0.00,0.00",0,0,0
"hubspot growth story",,0,"0.00,0.00,0.00,0.00,0.00,0.00,0.00,0.00,0.00,0.00,0.00,0.00",0,0,0
"hubspot growth strategy blog",,0,"0.00,0.00",0,0,0
"hubspot growth suite discount",,0,"0.00,0.00,0.00,0.00,0.00,0.00,0.00,0.00,0.00,0.00,0.00,0.00",0,0,0
"hubspot growth suite enterprise",,0,"1.00,0.00,0.00,0.00,0.00,0.00,0.00,0.00,0.00,0.00,0.00,0.00",0,0,0
"hubspot growth suite for education",,0,"0.00,0.00,0.00,0.00,0.00,0.00,0.00,0.00,0.00,0.00,0.00,0.00",0,0,0
"hubspot growth suite professional",,0,"0.00,0.00,0.00,0.00,0.00,0.00,0.00,0.00,0.00,0.00,0.00,0.00",0,0,0
"hubspot growth suite review",,0,"0.00,0.00,0.00,0.00,0.00,0.00,0.00,0.00,0.00,0.00,0.00,0.00",0,0,0
"hubspot growth team",,0,"0.00,0.00,0.00,0.00,0.00,0.00,0.00,0.00,0.00,0.00,0.00,0.00",0,0,0
"hubspot growth-driven design agency certificate",,0,"0.00,0.00,0.00,0.00,0.00,0.00,0.00,0.00,0.00,0.00,0.00,0.00",0,0,0
"hubspot growth-driven design certification",,0,"0.00,0.00,0.00,0.00,1.00,0.00,0.00",0,0,0
"hubspot growth-driven design exam",,0,"0.00,0.00,0.00,0.00,0.00,0.00,0.00,0.00,0.00,0.00,0.00,0.00",0,0,0
"hubspot how to manage growth marketing team",,0,"0.00,0.00,0.00,0.00,0.00,0.00,0.00,0.00,0.00,0.00,0.00,0.00",0,0,0
"hubspot inbound growth specialist",,0,"0.00,0.00,0.00,0.00,0.00,0.00,0.00,0.00,0.00,0.00,0.00,0.00",0,0,0
"hubspot inbound growth specialist salary",,0,"0.00,0.00,0.00,0.00,0.00,0.00,0.00,0.00,0.00,0.00,0.00,0.00",0,0,0
"hubspot inc compound annual growth rate",,0,"0.00,0.00,0.00,0.00,0.00,0.00,0.00,0.00,0.00,0.00,0.00,0.00",0,0,0
"hubspot marketing growth stack",,0,"0.00,0.00,0.00,0.00,0.00,0.00,0.00,0.00,0.00,0.00,0.00,0.00",0,0,0
"hubspot marketing hub pricing flexible scales with growth",,0,0.00,0,0,0
"hubspot marketing hub scalability for mid-size b2b saas companies growth",,0,0.00,0,0,0
"hubspot marketing hub vs competitors for e commerce growth",,0,"0.00,0.00,0.00",0,0,0
"hubspot partner growth accelerator interest form",,0,"0.00,0.00,0.00,0.00,0.00,0.00,0.00,0.00,0.00,0.00,0.00,0.00",0,0,0
"hubspot pricing growth suite",,0,"0.00,0.00,0.00,0.00,0.00,0.00,0.00,0.00,0.00,0.00,0.00,0.00",0,0,0
"hubspot professional growth suite",,0,"0.11,0.00,0.00,0.00,0.00,0.00,0.00,0.00,0.00,0.00,0.00,0.00",0,0,0
"hubspot q2 2025 revenue growth",,0,"0.00,0.00,0.00,0.00,0.00,0.00,0.00",0,0,0
"hubspot release growth platform",,0,"0.00,0.00,0.00,0.00,0.00,0.00,0.00,0.00,0.00,0.00,0.00,0.00",0,0,0
"hubspot revenue growth 2024",,0,"0.00,0.00,0.00,0.00,0.00,0.00",0,0,0
"hubspot revenue growth 2024 2025",,0,"0.00,0.00,0.00,0.00,0.00,0.00,0.00",0,0,0
"hubspot revenue growth 2025",,0,"0.00,1.00,0.00,0.00,0.00,0.00,0.00",0,0,0
"hubspot sales hub pipeline revenue growth case studies success stories",,0,"0.00,0.00",0,0,0
"hubspot sales hub pricing uk team growth scaling",,0,0.00,0,0,0
"hubspot sales team growth 2025",,0,"0.00,0.00,0.00,0.00,0.00,0.00,0.00",0,0,0
"hubspot salesforce pipedrive vergleich omr reviews growth manager",,0,"0.00,0.00",0,0,0
"hubspot stock growth",,0,"0.00,0.00,0.00,0.00,0.00,0.00,0.00,0.00,0.00,0.00,0.00,0.00",0,0,0
"hubspot the growth show",,0,"0.00,0.00,0.00,0.00,0.00,0.00,0.00,0.00,0.00,0.00,0.00,0.00",0,0,0
"hubspot the growth show first episode july 2017",,0,"1.00,0.00,0.00,0.00,0.00,0.00,0.00,0.00",0,0,0
"hubspot think growth",,0,"0.00,0.00,0.00,0.00,0.00,0.00,0.00,0.00,0.00,0.00,0.00,0.00",0,0,0
"hubspot vs honeybook for business growth",,0,"0.00,0.00,0.00",0,0,0
"hubspot vs salesforce for product led growth",,0,"0.00,0.00",0,0,0
"hubspot vs salesforce for product-led growth",,0,"1.00,0.00,0.00",0,0,0
"hubspot's entire growth suite",,0,"0.00,0.00,0.00,0.00,0.00,0.00,0.00,0.00,0.00,0.00,0.00,0.00",0,0,0
"hubspot's growth",,0,"0.00,0.00,0.00,0.00,0.00,0.00,0.00,0.00,0.00,0.00,0.00,0.00",0,0,0
"hubspot's growth stack",,0,"0.00,0.00,0.00,0.00,0.00,0.00,0.00,0.00,0.00,0.00,0.00,0.00",0,0,0
"hubspot's growth stack bundle",,0,"0.00,0.00,0.00,0.00,0.00,0.00,0.00,0.00,0.00,0.00,0.00,0.00",0,0,0
"hubspot.com growth strategy and plan",,0,"0.00,0.00,0.00,0.00",0,0,0
"hvac growth strategies hubspot",,0,"0.00,0.00,0.00,0.00,0.00,0.00,0.00,0.00,0.00,0.00,0.00,0.00",0,0,0
"inbound growth agency hubspot",,0,"0.00,0.00,0.00,0.00,0.00,0.00,0.00,0.00,0.00,0.00,0.00,0.00",0,0,0
"inbound growth specialist hubspot glassdoor",,0,"0.00,0.00,0.00,0.00,0.00,0.00,0.00,0.00,0.00,0.00,0.00,0.00",0,0,0
"inbound growth specialist hubspot salary",,0,"0.00,0.00,0.00,0.00,0.00,0.00,0.00,0.00,0.00,0.00,0.00,0.00",0,0,0
"inbound growth specialist hubspot site glassdoor.com",,0,"0.00,0.00,0.00,0.00,0.00,0.00,0.00,0.00,0.00,0.00,0.00,0.00",0,0,0
"new perspective vs new breed hubspot growth marketing",,0,"1.00,0.00,0.00,0.00,0.00",0,0,0
"powered by search hubspot optimization revenue growth",,0,"0.00,0.00,0.00,0.00,0.00",0,0,0
"product led growth hubspot",,0,"0.00,0.00,0.00,0.00,0.00,0.00,0.00,0.00,0.00,0.00,0.00,0.00",0,0,0
"pyxis growth partners hubspot migration 2025",,0,"0.00,0.00",0,0,0
"quizlet hubspot growth driven design exam",,0,"0.00,0.00,0.00,0.00,0.00,0.00,0.00,0.00,0.00,0.00,0.00,0.00",0,0,0
"scaling hubspot customer support operations growth",,0,0.00,0,0,0
"set up your hubspot crm for growth",,0,0.00,0,0,0
"sofia martin inbound growth specialist hubspot",,0,"0.00,0.00,0.00,0.00,0.00,0.00,0.00,0.00,0.00,0.00,0.00,0.00",0,0,0
"starter growth suite hubspot",,0,"0.00,0.18,0.18,0.00,0.00,0.00,0.00,0.00,0.00,0.00,0.00,0.00",0,0,0
"steps to implementing a conversational growth strategy hubspot",,0,"0.00,0.00,0.00,0.00,0.00,0.00,0.00,0.00,0.00,0.00,0.00,0.00",0,0,0
"the growth show hubspot",,0,"0.00,0.00,0.00,0.00,0.00,0.00,0.00,0.00,0.00,0.00,0.00,0.00",0,0,0
"the growth show hubspot first episode",,0,"1.00,0.00,0.00,0.00,0.00,0.00,0.00,0.00",0,0,0
"the growth show hubspot podcast",,0,"1.00,0.00,0.00,0.00,0.00,0.00",0,0,0
"the growth show hubspot podcast first episode",,0,"1.00,0.00,0.00,0.00,0.00,0.00,0.00,0.00",0,0,0
"the growth show hubspot podcast first episode july 2017",,0,"1.00,0.00,0.00,0.00,0.00,0.00,0.00,0.00",0,0,0
"the growth show podcast hubspot",,0,"1.00,0.00,0.00,0.00,0.00",0,0,0
"the hubspot growth stack",,0,"0.00,0.00,0.00,0.00,0.00,0.00,0.00,0.00,0.00,0.00,0.00,0.00",0,0,0
"the roi of using hubspot growth stack",,0,"0.00,0.00,0.00,0.00,0.00,0.00,0.00,0.00,0.00,0.00,0.00,0.00",0,0,0
"think growth by hubspot",,0,"0.00,0.00,0.00,0.00,0.00,0.00,0.00,0.00,0.00,0.00,0.00,0.00",0,0,0
"treetop growth strategy hubspot",,0,"0.00,0.00,0.00,0.00,0.00,0.00,0.00,0.00,0.00,0.00,0.00,0.00",0,0,0
"vonazon hubspot elite partner revenue operations growth strategy",,0,"0.00,0.00",0,0,0
"vonazon hubspot revops growth strategy certifications",,0,0.00,0,0,0
"vp growth hubspot",,0,"0.00,0.00,0.00,0.00,0.00,0.00,0.00,0.00,0.00,0.00,0.00,0.00",0,0,0
"what are the three stages of growth driven design hubspot",,0,"0.00,0.00,0.00,0.00,0.00,0.00,0.00,0.00,0.00,0.00,0.00,0.00",0,0,0
"what are the three stages of growth-driven design hubspot",,0,"0.00,0.00,0.00,0.00,0.00,0.00,0.00,0.00,0.00,0.00,0.00,0.00",0,0,0
"what is a conversational growth strategy hubspot",,0,"0.00,0.18,0.00,0.00,0.00,0.00,0.00,0.00,0.00,0.00,0.00,0.00",0,0,0
"what is a conversational growth strategy hubspot answers",,0,"0.00,0.00,0.00,0.00,0.00,0.00,0.00,0.00,0.00,0.00,0.00,0.00",0,0,0
"what is growth driven design hubspot",,0,"0.00,0.00,0.00,0.00,0.00,0.00,0.00,0.00,0.00,0.00,0.00,0.00",0,0,0
"what is growth marketing hubspot",,0,"0.00,0.00,0.00,0.00,0.00,0.00,0.00,0.00,0.00,0.00,0.00,0.00",0,0,0
"what is hubspot growth stack",,0,"0.00,0.00,0.00,0.00,0.00,0.00,0.00,0.00,0.00,0.00,0.00,0.00",0,0,0
"which departments does growth marketing support hubspot",,0,"0.00,0.00,0.00,0.00,0.00,0.00,0.00,0.00,0.00,0.00,0.00,0.00",0,0,0
